standard_id,source,source_release,source_id,name,category,province,city,district,town,freeform_address,clean_address,locality_raw,region_raw,full_address,lon,lat,confidence
OVT_URC_000001,Overture Maps Places,2026-05-20.0,8370e6b2-5533-492f-a919-cf996e157686,H&M,mens_clothing_store,新疆维吾尔自治区,乌鲁木齐市,头屯河区,高铁街道,玄武湖路999号一楼1BFA单元,玄武湖路999号一楼1BFA单元,Ürümqi,,新疆维吾尔自治区乌鲁木齐市头屯河区高铁街道玄武湖路999号一楼1BFA单元H&M,87.51827145,43.84091589,0.999362
OVT_URC_000002,Overture Maps Places,2026-05-20.0,ad408e24-020b-4ab8-8122-c82babdae3e0,H&M,clothing_store,新疆维吾尔自治区,乌鲁木齐市,沙依巴克区,友好南路街道,友好北路689号美美友好购物中心,友好北路689号美美友好购物中心,Ürümqi,,新疆维吾尔自治区乌鲁木齐市沙依巴克区友好南路街道友好北路689号美美友好购物中心H&M,87.58498301,43.81892917,0.999288
OVT_URC_000003,Overture Maps Places,2026-05-20.0,1443ee4d-3548-41f0-af9e-3ff4ddca325a,Gucci(美美店),jewelry_store,新疆维吾尔自治区,乌鲁木齐市,沙依巴克区,友好南路街道,"友好北路689号, 乌鲁木齐美美MM购物中心一楼, 沙依巴克区",友好北路689号，乌鲁木齐美美MM购物中心一楼,Ürümqi,,新疆维吾尔自治区乌鲁木齐市沙依巴克区友好南路街道友好北路689号，乌鲁木齐美美MM购物中心一楼Gucci(美美店),87.58766421,43.82001287,0.983509
OVT_URC_000004,Overture Maps Places,2026-05-20.0,602c71bf-cff2-46fa-ad09-d5cad81e1735,H&M,clothing_store,新疆维吾尔自治区,乌鲁木齐市,新市区,二工乡,长春北路668号,长春北路668号,乌鲁木齐市,,新疆维吾尔自治区乌鲁木齐市新市区二工乡长春北路668号H&M,87.56905421,43.90945281,0.977000
OVT_URC_000005,Overture Maps Places,2026-05-20.0,c65620c4-e074-478d-8a80-6ed32214b885,H&M,clothing_store,新疆维吾尔自治区,乌鲁木齐市,新市区,南纬路街道,北京中路147号一楼1-2-1单元,北京中路147号一楼1-2-1单元,乌鲁木齐市,,新疆维吾尔自治区乌鲁木齐市新市区南纬路街道北京中路147号一楼1-2-1单元H&M,87.55371646,43.87487179,0.977000
OVT_URC_000006,Overture Maps Places,2026-05-20.0,c0b6db47-040d-4006-a8c5-ea159b18210a,范思哲(美美友好购物中心店),clothing_store,新疆维吾尔自治区,乌鲁木齐市,沙依巴克区,友好南路街道,"友好北路689号,美美友好购物中心1层",友好北路689号，美美友好购物中心1层,乌鲁木齐市,新疆维吾尔自治区,新疆维吾尔自治区乌鲁木齐市沙依巴克区友好南路街道友好北路689号，美美友好购物中心1层范思哲(美美友好购物中心店),87.58883000,43.82031900,0.965500
OVT_URC_000007,Overture Maps Places,2026-05-20.0,f2d923f1-526f-4565-9d98-d0e7393eec3e,Wanda Plaza 万达广场,shopping_center,新疆维吾尔自治区,乌鲁木齐市,头屯河区,高铁街道,万寿山街,万寿山街,Ürümqi,,新疆维吾尔自治区乌鲁木齐市头屯河区高铁街道万寿山街Wanda Plaza 万达广场,87.51487000,43.84040500,0.964011
OVT_URC_000008,Overture Maps Places,2026-05-20.0,c9424cf5-5ea0-4130-97df-9aba15ab10bf,Zegna(美美百货店),mens_clothing_store,新疆维吾尔自治区,乌鲁木齐市,沙依巴克区,友好南路街道,"友好北路689号,友好步行街美美乌鲁木齐一层N-101B店铺",友好北路689号，友好步行街美美乌鲁木齐一层N-101B店铺,乌鲁木齐市,新疆维吾尔自治区,新疆维吾尔自治区乌鲁木齐市沙依巴克区友好南路街道友好北路689号，友好步行街美美乌鲁木齐一层N-101B店铺Zegna(美美百货店),87.58929100,43.82035700,0.940192
OVT_URC_000009,Overture Maps Places,2026-05-20.0,9fc23e5c-1bd8-4a0d-b007-3f748d64f038,新疆維吾尕自治區博物館,museum,新疆维吾尔自治区,乌鲁木齐市,沙依巴克区,八一街道,581号 西北路 Shayibake Qu,581号 西北路 Shayibake Qu,Ürümqi,,新疆维吾尔自治区乌鲁木齐市沙依巴克区八一街道581号 西北路 Shayibake Qu新疆維吾尕自治區博物館,87.58154020,43.81840215,0.934644
OVT_URC_000010,Overture Maps Places,2026-05-20.0,d814a26f-d03d-49a9-a624-44c162752b0e,菲拉格慕(美美百货精品店),shoe_store,新疆维吾尔自治区,乌鲁木齐市,沙依巴克区,友好南路街道,"9 Youhao North Road, Shop N-101A, 1st Floor, Meimei Department Store, Youhao Pedestrian Street, Shaybak District",9 Youhao North Road，Shop N-101A，1st Floor，Meimei Department Store，Youhao Pedestrian Street，Shaybak District,Ürümqi,,新疆维吾尔自治区乌鲁木齐市沙依巴克区友好南路街道9 Youhao North Road，Shop N-101A，1st Floor，Meimei Department Store，Youhao Pedestrian Street，Shaybak District菲拉格慕(美美百货精品店),87.58916000,43.82073000,0.928311
OVT_URC_000011,Overture Maps Places,2026-05-20.0,6de2efb1-5a06-419e-8a8e-b6022eef52a1,水磨溝公園,park,新疆维吾尔自治区,乌鲁木齐市,水磨沟区,水磨沟街道,,,Ürümqi,,新疆维吾尔自治区乌鲁木齐市水磨沟区水磨沟街道水磨溝公園,87.66480458,43.83340280,0.927330
OVT_URC_000012,Overture Maps Places,2026-05-20.0,6178b702-bbc2-470a-a8a4-555c0b01d338,Wanda Plaza 万达广场,shopping_center,新疆维吾尔自治区,乌鲁木齐市,沙依巴克区,长江路街道,伊宁路与伊宁路北三巷交叉口西100米,伊宁路与伊宁路北三巷交叉口西100米,Ürümqi,,新疆维吾尔自治区乌鲁木齐市沙依巴克区长江路街道伊宁路与伊宁路北三巷交叉口西100米Wanda Plaza 万达广场,87.58542900,43.78814500,0.918769
OVT_URC_000013,Overture Maps Places,2026-05-20.0,063f468e-7962-4b7c-b189-e51046cd624f,紅山公園,park,新疆维吾尔自治区,乌鲁木齐市,水磨沟区,新民路街道,新疆維吾爾自治區烏魯木齊市水磨溝區,新疆維吾爾自治區烏魯木齊市水磨溝區,Ürümqi,,新疆维吾尔自治区乌鲁木齐市水磨沟区新民路街道新疆維吾爾自治區烏魯木齊市水磨溝區紅山公園,87.60060300,43.80669000,0.916533
OVT_URC_000014,Overture Maps Places,2026-05-20.0,3640472f-1cf1-47ea-857e-3b2ef07933bc,Dolce&Gabbana(美美商城店),mens_clothing_store,新疆维吾尔自治区,乌鲁木齐市,沙依巴克区,友好南路街道,"友好北路669号, 美美商城1层H100号商铺, 沙依巴克区",友好北路669号，美美商城1层H100号商铺,Ürümqi,,新疆维吾尔自治区乌鲁木齐市沙依巴克区友好南路街道友好北路669号，美美商城1层H100号商铺Dolce&Gabbana(美美商城店),87.58947900,43.82052500,0.911719
OVT_URC_000015,Overture Maps Places,2026-05-20.0,42fc0032-76e4-438c-a047-04c63ed70573,新疆-錦江國際酒店,hotel,新疆维吾尔自治区,乌鲁木齐市,水磨沟区,南湖南路街道,802 South Anju Street,802 South Anju Street,Ürümqi,,新疆维吾尔自治区乌鲁木齐市水磨沟区南湖南路街道802 South Anju Street新疆-錦江國際酒店,87.60376111,43.82127990,0.896342
OVT_URC_000016,Overture Maps Places,2026-05-20.0,29cca7aa-66ad-40e6-a579-c56efd31dca3,"乌鲁木齐希尔顿大酒店，hilton Hotel Urumqi, โรงแรมฮิลตัน อุรุมชี",hotel,新疆维吾尔自治区,乌鲁木齐市,米东区,卡子湾街道,,,Ürümqi,,"新疆维吾尔自治区乌鲁木齐市米东区卡子湾街道乌鲁木齐希尔顿大酒店，hilton Hotel Urumqi, โรงแรมฮิลตัน อุรุมชี",87.61228214,43.87519984,0.890943
OVT_URC_000017,Overture Maps Places,2026-05-20.0,d78f186a-4e2c-426a-a22f-cd558c7df922,"Tumaris Hotel,Xin Jiang 新疆突玛丽斯大酒店",hotel,新疆维吾尔自治区,乌鲁木齐市,天山区,团结路街道,新华南路618号,新华南路618号,Ürümqi,,"新疆维吾尔自治区乌鲁木齐市天山区团结路街道新华南路618号Tumaris Hotel,Xin Jiang 新疆突玛丽斯大酒店",87.60885103,43.77749201,0.875159
OVT_URC_000018,Overture Maps Places,2026-05-20.0,215d100e-14a0-432a-b28e-c193f28af8e7,烏魯木齊高鐵站,train_station,新疆维吾尔自治区,乌鲁木齐市,沙依巴克区,骑马山街道,,,Ürümqi,,新疆维吾尔自治区乌鲁木齐市沙依巴克区骑马山街道烏魯木齊高鐵站,87.52667450,43.83955508,0.861146
OVT_URC_000019,Overture Maps Places,2026-05-20.0,5629b86f-e8aa-4aa1-9416-192cc48e827d,乌鲁木齐南湖市政府美居酒店,hotel,新疆维吾尔自治区,乌鲁木齐市,水磨沟区,南湖南路街道,"QiyiSunshineLifePlaza,No.186XinminEastStreet",QiyiSunshineLifePlaza，No.186XinminEastStreet,Urumqi,Xinjiang Uyghur Autonomous Region,新疆维吾尔自治区乌鲁木齐市水磨沟区南湖南路街道QiyiSunshineLifePlaza，No.186XinminEastStreet乌鲁木齐南湖市政府美居酒店,87.61676025,43.82530975,0.850000
OVT_URC_000020,Overture Maps Places,2026-05-20.0,be891010-03d3-4fed-95cb-f4b63329a0b7,Mercure Urumqi Doowin Wanda Plaza,,新疆维吾尔自治区,乌鲁木齐市,沙依巴克区,长江路街道,伊宁路388号,伊宁路388号,乌鲁木齐市,新疆维吾尔自治区,新疆维吾尔自治区乌鲁木齐市沙依巴克区长江路街道伊宁路388号Mercure Urumqi Doowin Wanda Plaza,87.58698790,43.78744830,0.850000
OVT_URC_000021,Overture Maps Places,2026-05-20.0,beb29d5a-646f-41ee-98a5-f8358e0450c7,PINKOSTORE Urumqi Youhao North Road,womens_clothing_store,新疆维吾尔自治区,乌鲁木齐市,沙依巴克区,友好南路街道,"新疆乌鲁木齐市沙依巴克区友好北路688号,乌鲁木齐美美MM2一楼120A商铺",新疆友好北路688号，乌鲁木齐美美MM2一楼120A商铺,Urumqi,Xinjiang Uyghur Autonomous Region,新疆维吾尔自治区乌鲁木齐市沙依巴克区友好南路街道新疆友好北路688号，乌鲁木齐美美MM2一楼120A商铺PINKOSTORE Urumqi Youhao North Road,87.59063900,43.82020990,0.850000
OVT_URC_000022,Overture Maps Places,2026-05-20.0,c3f9ed45-f441-40f0-9060-650e557403da,海爾巴格,restaurant,新疆维吾尔自治区,乌鲁木齐市,天山区,胜利路街道,乌鲁木齐延安路,乌鲁木齐延安路,Ürümqi,,新疆维吾尔自治区乌鲁木齐市天山区胜利路街道乌鲁木齐延安路海爾巴格,87.61356982,43.77368802,0.843990
OVT_URC_000023,Overture Maps Places,2026-05-20.0,5bfd9bfd-f4a1-4dbb-816e-2a6ad3f2e0d5,Ürümqi Diwopu International Airport,airport,新疆维吾尔自治区,乌鲁木齐市,新市区,机场街道,新疆维吾尔自治区乌鲁木齐市迎宾路1341号,迎宾路1341号,Ürümqi,,新疆维吾尔自治区乌鲁木齐市新市区机场街道迎宾路1341号Ürümqi Diwopu International Airport,87.47416667,43.90722222,0.830446
OVT_URC_000024,Overture Maps Places,2026-05-20.0,17366b71-ff3a-41ec-88aa-f397f18c5e24,南湖广场   Nanhu Plaza,public_plaza,新疆维吾尔自治区,乌鲁木齐市,水磨沟区,南湖南路街道,南湖路,南湖路,Ürümqi,,新疆维吾尔自治区乌鲁木齐市水磨沟区南湖南路街道南湖路南湖广场   Nanhu Plaza,87.61069975,43.81879719,0.829372
OVT_URC_000025,Overture Maps Places,2026-05-20.0,b2585068-288e-4ad4-a233-3b1fcd851271,世纪金花广场,department_store,新疆维吾尔自治区,乌鲁木齐市,天山区,青年路街道,30 Guangming Rd   光明路 30号,30 Guangming Rd 光明路 30号,Ürümqi,,新疆维吾尔自治区乌鲁木齐市天山区青年路街道30 Guangming Rd 光明路 30号世纪金花广场,87.60602605,43.80316383,0.825464
OVT_URC_000026,Overture Maps Places,2026-05-20.0,74065045-9ccf-48fe-b1bd-0ff4f6806e22,烏魯木齊植物園,botanical_garden,新疆维吾尔自治区,乌鲁木齐市,新市区,杭州路街道,,,Ürümqi,,新疆维吾尔自治区乌鲁木齐市新市区杭州路街道烏魯木齊植物園,87.55245833,43.88783833,0.821743
OVT_URC_000027,Overture Maps Places,2026-05-20.0,265693c3-8a6f-4ba6-a896-3fdc53ff1448,新疆 烏魯木齊市 美麗華酒店,hotel,新疆维吾尔自治区,乌鲁木齐市,天山区,新华北路街道,,,Ürümqi,,新疆维吾尔自治区乌鲁木齐市天山区新华北路街道新疆 烏魯木齊市 美麗華酒店,87.60859880,43.79488752,0.819268
OVT_URC_000028,Overture Maps Places,2026-05-20.0,d94b5a2e-cc06-4bde-84f2-0eec16d4a1c4,Terminal T1,airport_terminal,新疆维吾尔自治区,乌鲁木齐市,新市区,机场街道,乌鲁木齐地窝堡国际机场一号航站楼,乌鲁木齐地窝堡国际机场一号航站楼,Ürümqi,,新疆维吾尔自治区乌鲁木齐市新市区机场街道乌鲁木齐地窝堡国际机场一号航站楼Terminal T1,87.47495655,43.90229280,0.800165
OVT_URC_000029,Overture Maps Places,2026-05-20.0,20c60727-2599-4dcd-b72a-2e0af282fb1d,"adidas Outlet Store Urumqi, Zhongcheng Outlets",sporting_goods,新疆维吾尔自治区,乌鲁木齐市,头屯河区,白鸟湖街道,万盛大街4706号奥特莱斯1层D1008,万盛大街4706号奥特莱斯1层D1008,乌鲁木齐市,,"新疆维吾尔自治区乌鲁木齐市头屯河区白鸟湖街道万盛大街4706号奥特莱斯1层D1008adidas Outlet Store Urumqi, Zhongcheng Outlets",87.43128742,43.82913785,0.800000
OVT_URC_000030,Overture Maps Places,2026-05-20.0,28da11f7-66da-4dbc-a4a8-3c3dadf4b431,Urumqi MM2,shoe_store,新疆维吾尔自治区,乌鲁木齐市,沙依巴克区,友好南路街道,"新疆乌鲁木齐市沙依巴克区友好北路美美百货-1F, 3rd Floor, MM2 Meimei Shopping Center, No. 689, Youyou North Road, Shaibak District",新疆友好北路美美百货-1F，3rd Floor，MM2 Meimei Shopping Center，No. 689，Youyou North Road，Shaibak District,Urumqi,XINJIANG,新疆维吾尔自治区乌鲁木齐市沙依巴克区友好南路街道新疆友好北路美美百货-1F，3rd Floor，MM2 Meimei Shopping Center，No. 689，Youyou North Road，Shaibak DistrictUrumqi MM2,87.58926000,43.82157000,0.800000
OVT_URC_000031,Overture Maps Places,2026-05-20.0,32032f3f-3c43-4b77-bf70-4605d3b50b74,DJ Xinjiang Urumqi friendly too hundred ADULT,shoe_store,新疆维吾尔自治区,乌鲁木齐市,沙依巴克区,友好北路街道,"新疆乌鲁木齐市沙依巴克区友好北路566号友好太百4F, 4F, Youyou Taibai, No. 566 Youyou North Road, Shaibak District, Urumqi, Xinjiang",新疆友好北路566号友好太百4F，4F，Youyou Taibai，No. 566 Youyou North Road，Shaibak District，Urumqi，Xinjiang,Urumqi,CN,新疆维吾尔自治区乌鲁木齐市沙依巴克区友好北路街道新疆友好北路566号友好太百4F，4F，Youyou Taibai，No. 566 Youyou North Road，Shaibak District，Urumqi，XinjiangDJ Xinjiang Urumqi friendly too hundred ADULT,87.58991000,43.82260000,0.800000
OVT_URC_000032,Overture Maps Places,2026-05-20.0,4f1e998f-567d-4985-a255-3ff3fb2346a4,汉堡王,fast_food_restaurant,新疆维吾尔自治区,乌鲁木齐市,新市区,喀什东路街道,新疆省乌鲁木齐市新市区苏州南路255号商场一楼商铺,新疆省苏州南路255号商场一楼商铺,乌鲁木齐市,新疆维吾尔自治区,新疆维吾尔自治区乌鲁木齐市新市区喀什东路街道新疆省苏州南路255号商场一楼商铺汉堡王,87.59268400,43.89302300,0.800000
OVT_URC_000033,Overture Maps Places,2026-05-20.0,62986ccc-9227-47d3-814a-fdc5cb7c8045,DJ xinjiang urumqi city meimei 3 adult,shoe_store,新疆维吾尔自治区,乌鲁木齐市,新市区,石油新村街道,"新疆乌鲁木齐市新市区西环北路989号美美36F, Xinjiang urumqi city urban area, xihuan road 989, mei-mei 36 f",新疆西环北路989号美美36F，Xinjiang urumqi city urban area，xihuan road 989，mei-mei 36 f,Urumqi,XINJIANG,新疆维吾尔自治区乌鲁木齐市新市区石油新村街道新疆西环北路989号美美36F，Xinjiang urumqi city urban area，xihuan road 989，mei-mei 36 fDJ xinjiang urumqi city meimei 3 adult,87.53554000,43.85970000,0.800000
OVT_URC_000034,Overture Maps Places,2026-05-20.0,688e65e9-cb50-41b6-8de1-8c72f6656810,"NH Urumqi Sand Ship Outlet KIDS, Toutunhe District, Urumqi City, Xinjiang Uygur Autonomous Region",shoe_store,新疆维吾尔自治区,乌鲁木齐市,头屯河区,,"新疆维吾尔自治区乌鲁木齐市头屯河区沙坪路乌鲁木齐砂之船奥特莱斯3FZA-L3-52, Urumqi Sand Ship Outlet 3FZA-L3-52, Shaping Rd, Toutunhe District, Xinjiang Uygur Autonomous Region",沙坪路乌鲁木齐砂之船奥特莱斯3FZA-L3-52，Urumqi Sand Ship Outlet 3FZA-L3-52，Shaping Rd，Toutunhe District，Xinjiang Uygur Autonomous Region,Urumqi,CN,"新疆维吾尔自治区乌鲁木齐市头屯河区沙坪路乌鲁木齐砂之船奥特莱斯3FZA-L3-52，Urumqi Sand Ship Outlet 3FZA-L3-52，Shaping Rd，Toutunhe District，Xinjiang Uygur Autonomous RegionNH Urumqi Sand Ship Outlet KIDS, Toutunhe District, Urumqi City, Xinjiang Uygur Autonomous Region",87.40025000,43.91849000,0.800000
OVT_URC_000035,Overture Maps Places,2026-05-20.0,6fde1d63-2a99-4a16-84b6-8db5fc300de3,汉堡王,fast_food_restaurant,新疆维吾尔自治区,乌鲁木齐市,米东区,古牧地西路街道,新疆乌鲁木齐市米东区府前西路600号吾悦广场1楼1042商铺,新疆府前西路600号吾悦广场1楼1042商铺,乌鲁木齐市,新疆维吾尔自治区,新疆维吾尔自治区乌鲁木齐市米东区古牧地西路街道新疆府前西路600号吾悦广场1楼1042商铺汉堡王,87.64780500,43.97165100,0.800000
OVT_URC_000036,Overture Maps Places,2026-05-20.0,76f1a71f-ccc2-4e73-91f2-51bad1bea1b7,Urumqi Huijia Plaza,shoe_store,新疆维吾尔自治区,乌鲁木齐市,天山区,解放北路街道,"新疆乌鲁木齐市天山区中山路中山路汇嘉时代6F, 6F Huijia Times, 312 Zhongshan Road, Tianshan District, Urumqi, Xinjiang",新疆中山路中山路汇嘉时代6F，6F Huijia Times，312 Zhongshan Road，Tianshan District，Urumqi，Xinjiang,Urumqi,XINJIANG,新疆维吾尔自治区乌鲁木齐市天山区解放北路街道新疆中山路中山路汇嘉时代6F，6F Huijia Times，312 Zhongshan Road，Tianshan District，Urumqi，XinjiangUrumqi Huijia Plaza,87.61820000,43.79397000,0.800000
OVT_URC_000037,Overture Maps Places,2026-05-20.0,87322427-fa35-40b2-862d-15bbaac12f9b,"Wuyue Square, Urumqi, Xinjiang ADULT",shoe_store,新疆维吾尔自治区,乌鲁木齐市,水磨沟区,七道湾街道,"新疆乌鲁木齐市水磨沟区会展大道吾悦广场4F, 4F, Wuyue Plaza, Exhibition Avenue, Shuimogou District, Urumqi City, Xinjiang",新疆会展大道吾悦广场4F，4F，Wuyue Plaza，Exhibition Avenue，Shuimogou District，Urumqi City，Xinjiang,Urumqi,XINJIANG,"新疆维吾尔自治区乌鲁木齐市水磨沟区七道湾街道新疆会展大道吾悦广场4F，4F，Wuyue Plaza，Exhibition Avenue，Shuimogou District，Urumqi City，XinjiangWuyue Square, Urumqi, Xinjiang ADULT",87.62720000,43.88054000,0.800000
OVT_URC_000038,Overture Maps Places,2026-05-20.0,8a215c4d-4105-4204-8244-5275344e2dc9,Pandora,jewelry_store,新疆维吾尔自治区,乌鲁木齐市,新市区,天津北路社区,"中国新疆维吾尔自治区乌鲁木齐市, 新市区北京中路147号一楼",中国，北京中路147号一楼,Wulumuqi,,新疆维吾尔自治区乌鲁木齐市新市区天津北路社区中国，北京中路147号一楼Pandora,87.56378800,43.88191100,0.800000
OVT_URC_000039,Overture Maps Places,2026-05-20.0,8aec838f-6314-4dca-b33f-cdca0f70a2c7,"BS KIDS, Shanshan Hui Outlets Shopping Plaza, Urumqi, Xinjiang",shoe_store,新疆维吾尔自治区,乌鲁木齐市,新市区,正扬路街道,"新疆乌鲁木齐市新市区东进东街杉杉汇嘉奥特莱斯购物广场 2F, 2F, Shanshan Hui Jia Outlets Shopping Plaza, East Street, East City, Urumqi, Xinjiang",新疆东进东街杉杉汇嘉奥特莱斯购物广场 2F，2F，Shanshan Hui Jia Outlets Shopping Plaza，East Street，East City，Urumqi，Xinjiang,Urumqi,CN,"新疆维吾尔自治区乌鲁木齐市新市区正扬路街道新疆东进东街杉杉汇嘉奥特莱斯购物广场 2F，2F，Shanshan Hui Jia Outlets Shopping Plaza，East Street，East City，Urumqi，XinjiangBS KIDS, Shanshan Hui Outlets Shopping Plaza, Urumqi, Xinjiang",87.57444000,43.93854000,0.800000
OVT_URC_000040,Overture Maps Places,2026-05-20.0,8e5fa18b-1f8f-47af-91a1-fa7029e76cfd,汉堡王,fast_food_restaurant,新疆维吾尔自治区,乌鲁木齐市,新市区,机场街道,乌鲁木齐市新市区国际机场T4航站楼中指廊155-157号,国际机场T4航站楼中指廊155-157号,乌鲁木齐市,新疆维吾尔自治区,新疆维吾尔自治区乌鲁木齐市新市区机场街道国际机场T4航站楼中指廊155-157号汉堡王,87.47450500,43.90099000,0.800000
OVT_URC_000041,Overture Maps Places,2026-05-20.0,908b5773-4cb8-4d91-80ab-2f36608e85e6,"YS Lidao Sports City, Adult, Urumqi, Xinjiang",shoe_store,新疆维吾尔自治区,乌鲁木齐市,水磨沟区,六道湾街道,"乌鲁木齐高新街长春路美居物流园O座, Block O, Mercure Logistics Park, Changchun Road, Gaoxin Street, Urumqi",乌鲁木齐高新街长春路美居物流园O座，Block O，Mercure Logistics Park，Changchun Road，Gaoxin Street，Urumqi,Urumqi,CN,"新疆维吾尔自治区乌鲁木齐市水磨沟区六道湾街道乌鲁木齐高新街长春路美居物流园O座，Block O，Mercure Logistics Park，Changchun Road，Gaoxin Street，UrumqiYS Lidao Sports City, Adult, Urumqi, Xinjiang",87.61688000,43.82663000,0.800000
OVT_URC_000042,Overture Maps Places,2026-05-20.0,90c45664-96a2-4ad4-9792-24a0ed2e6d58,汉堡王,fast_food_restaurant,新疆维吾尔自治区,乌鲁木齐市,天山区,青年路街道,乌鲁木齐天山区光明路30号时代广场西区一层1号铺汉堡王餐厅,乌鲁木齐光明路30号时代广场西区一层1号铺汉堡王餐厅,乌鲁木齐市,新疆维吾尔自治区,新疆维吾尔自治区乌鲁木齐市天山区青年路街道乌鲁木齐光明路30号时代广场西区一层1号铺汉堡王餐厅,87.60851900,43.80429000,0.800000
OVT_URC_000043,Overture Maps Places,2026-05-20.0,9568d99f-5434-45d0-948a-62f8965e26a5,DJ Xinjiang Urumqi sunshine 100 ole ADULT,shoe_store,新疆维吾尔自治区,乌鲁木齐市,沙依巴克区,和田街街道,"新疆乌鲁木齐市沙依巴克区钱塘江路阳光100奥莱4F, 4F, Sunshine 100 Ole, Qiantang River Road, Shaibak District, Urumqi, Xinjiang",新疆钱塘江路阳光100奥莱4F，4F，Sunshine 100 Ole，Qiantang River Road，Shaibak District，Urumqi，Xinjiang,Urumqi,CN,新疆维吾尔自治区乌鲁木齐市沙依巴克区和田街街道新疆钱塘江路阳光100奥莱4F，4F，Sunshine 100 Ole，Qiantang River Road，Shaibak District，Urumqi，XinjiangDJ Xinjiang Urumqi sunshine 100 ole ADULT,87.59557000,43.78293000,0.800000
OVT_URC_000044,Overture Maps Places,2026-05-20.0,95b16f4b-9745-4a64-b188-544fe9ad6ed8,乌鲁木齐京楚英菲尼迪,car_dealer,新疆维吾尔自治区,乌鲁木齐市,新市区,地窝堡乡,新疆乌鲁木齐市新市区乌昌路2094号(机场高速八钢南路出口汇京汽车城内),新疆乌昌路2094号(机场高速八钢南路出口汇京汽车城内),乌鲁木齐市,新疆维吾尔自治区,新疆维吾尔自治区乌鲁木齐市新市区地窝堡乡新疆乌昌路2094号(机场高速八钢南路出口汇京汽车城内)乌鲁木齐京楚英菲尼迪,87.45476600,43.91957900,0.800000
OVT_URC_000045,Overture Maps Places,2026-05-20.0,9fa02aa7-e8aa-4cb9-b0f3-c84bb525b182,汉堡王,fast_food_restaurant,新疆维吾尔自治区,乌鲁木齐市,水磨沟区,七道湾街道,乌鲁木齐市水磨沟区红光山路与会展大道交汇处会展吾悦广场一层西侧汉堡王商铺号:1022（  3号门旁）,红光山路与会展大道交汇处会展吾悦广场一层西侧汉堡王商铺号:1022（ 3号门旁）,乌鲁木齐市,新疆维吾尔自治区,新疆维吾尔自治区乌鲁木齐市水磨沟区七道湾街道红光山路与会展大道交汇处会展吾悦广场一层西侧汉堡王商铺号:1022（ 3号门旁）,87.62988900,43.87875900,0.800000
OVT_URC_000046,Overture Maps Places,2026-05-20.0,a572bf6a-2da5-4dca-a190-fc2551c0094e,"adidas Outlet Store Urumqi, Urumqi Shanshan Outlets",sporting_goods,新疆维吾尔自治区,乌鲁木齐市,新市区,二工乡,（新市区）东进东街2999号杉杉奥特莱斯一层adidas,（）东进东街2999号杉杉奥特莱斯一层adidas,乌鲁木齐市,,"新疆维吾尔自治区乌鲁木齐市新市区二工乡（）东进东街2999号杉杉奥特莱斯一层adidasadidas Outlet Store Urumqi, Urumqi Shanshan Outlets",87.55433149,43.93748530,0.800000
OVT_URC_000047,Overture Maps Places,2026-05-20.0,a95a45e1-c293-454f-ba7e-6143f7922e39,Xinjiang Urumqi Miguli,shoe_store,新疆维吾尔自治区,乌鲁木齐市,新市区,机场街道,"新疆乌鲁木齐市米东区龙腾路米古里-1F, 1F Miguli, Longteng Rd, Midong District, Urumqi, Xinjiang",新疆米东区龙腾路米古里-1F，1F Miguli，Longteng Rd，Midong District，Urumqi，Xinjiang,Urumqi,Xinjiang,新疆维吾尔自治区乌鲁木齐市新市区机场街道新疆米东区龙腾路米古里-1F，1F Miguli，Longteng Rd，Midong District，Urumqi，XinjiangXinjiang Urumqi Miguli,87.47417000,43.90722000,0.800000
OVT_URC_000048,Overture Maps Places,2026-05-20.0,aab92c43-dce1-40d8-b6a3-b53d65424b38,Max Mara(美美百货店),clothing_store,新疆维吾尔自治区,乌鲁木齐市,沙依巴克区,友好北路街道,友好北路689号 友好步行街美美百货一层s-112C号,友好北路689号 友好步行街美美百货一层s-112C号,乌鲁木齐市,新疆维吾尔自治区,新疆维吾尔自治区乌鲁木齐市沙依巴克区友好北路街道友好北路689号 友好步行街美美百货一层s-112C号Max Mara(美美百货店),87.59267710,43.83009720,0.800000
OVT_URC_000049,Overture Maps Places,2026-05-20.0,af5978cb-95fb-4641-a152-466cea346a52,DJ Xinjiang Urumqi Lidao Factory ADULT,shoe_store,新疆维吾尔自治区,乌鲁木齐市,天山区,解放北路街道,"新疆乌鲁木齐市天山区解放北路299号力道工厂1F, Xinjiang, Urumqi, Tianshan District, Jiefang North Road 299, Lidao Factory 1F",新疆解放北路299号力道工厂1F，Xinjiang，Urumqi，Tianshan District，Jiefang North Road 299，Lidao Factory 1F,Urumqi,CN,新疆维吾尔自治区乌鲁木齐市天山区解放北路街道新疆解放北路299号力道工厂1F，Xinjiang，Urumqi，Tianshan District，Jiefang North Road 299，Lidao Factory 1FDJ Xinjiang Urumqi Lidao Factory ADULT,87.62050000,43.79378000,0.800000
OVT_URC_000050,Overture Maps Places,2026-05-20.0,b43371d6-60f1-4da4-82af-17330a65c937,乌鲁木齐汇嘉时代广场店,photography_store_and_services,新疆维吾尔自治区,乌鲁木齐市,新市区,天津北路社区,新疆维吾尔自治区乌鲁木齐市新市区 北京中路147号 汇嘉时代广场二层L2-001号海马体照相馆（江南布衣对面）,北京中路147号 汇嘉时代广场二层L2-001号海马体照相馆（江南布衣对面）,,,新疆维吾尔自治区乌鲁木齐市新市区天津北路社区北京中路147号 汇嘉时代广场二层L2-001号海马体照相馆（江南布衣对面）乌鲁木齐汇嘉时代广场店,87.55676300,43.87614100,0.800000
OVT_URC_000051,Overture Maps Places,2026-05-20.0,baad1e06-9a14-4019-a1dd-dfb2288258f3,"NH Dehuibao Beiwang KIDS, Shaibak District, Urumqi, Xinjiang Uygur Autonomous Region",shoe_store,新疆维吾尔自治区,乌鲁木齐市,新市区,机场街道,"新疆维吾尔自治区乌鲁木齐市沙依巴克区奇台路乌鲁木齐德汇宝贝王B11A-005, Urumqi Dehui Baowang B11A-005, Qitai Road, Shaibak District",沙依巴克区奇台路乌鲁木齐德汇宝贝王B11A-005，Urumqi Dehui Baowang B11A-005，Qitai Road，Shaibak District,Urumqi,XINJIANG,"新疆维吾尔自治区乌鲁木齐市新市区机场街道沙依巴克区奇台路乌鲁木齐德汇宝贝王B11A-005，Urumqi Dehui Baowang B11A-005，Qitai Road，Shaibak DistrictNH Dehuibao Beiwang KIDS, Shaibak District, Urumqi, Xinjiang Uygur Autonomous Region",87.47417000,43.90722000,0.800000
OVT_URC_000052,Overture Maps Places,2026-05-20.0,c0ac0c5f-f3d4-4d3c-92a9-e7ca19672103,DJ Xinjiang Urumqi sand boat ADULT,shoe_store,新疆维吾尔自治区,乌鲁木齐市,新市区,机场街道,"新疆乌鲁木齐市头屯河区砂之船奥莱砂之船1F, Xinjiang Urumqi Toutunhe District sand ship Olai sand ship 1F",新疆头屯河区砂之船奥莱砂之船1F，Xinjiang Urumqi Toutunhe District sand ship Olai sand ship 1F,Urumqi,CN,新疆维吾尔自治区乌鲁木齐市新市区机场街道新疆头屯河区砂之船奥莱砂之船1F，Xinjiang Urumqi Toutunhe District sand ship Olai sand ship 1FDJ Xinjiang Urumqi sand boat ADULT,87.47417000,43.90722000,0.800000
OVT_URC_000053,Overture Maps Places,2026-05-20.0,c3eb784a-70ad-4af8-91d1-57f987365b96,DJ Xinjiang Urumqi Hongshan MALL ADULT,shoe_store,新疆维吾尔自治区,乌鲁木齐市,天山区,青年路街道,"新疆乌鲁木齐市天山区友好南路红山MALL4F, Xinjiang, Urumqi, Tianshan District, Youhao South Road, Hongshan MALL 4F",新疆友好南路红山MALL4F，Xinjiang，Urumqi，Tianshan District，Youhao South Road，Hongshan MALL 4F,Urumqi,XINJIANG,新疆维吾尔自治区乌鲁木齐市天山区青年路街道新疆友好南路红山MALL4F，Xinjiang，Urumqi，Tianshan District，Youhao South Road，Hongshan MALL 4FDJ Xinjiang Urumqi Hongshan MALL ADULT,87.60622000,43.80337000,0.800000
OVT_URC_000054,Overture Maps Places,2026-05-20.0,c9452d6b-2e56-44a2-8596-1447ae755c32,DJ - Xinjiang Urumqi Gaoxin Wanda Plaza ADULT,shoe_store,新疆维吾尔自治区,乌鲁木齐市,头屯河区,高铁街道,"新疆乌鲁木齐市新市区长春北路高新万达广场1F, Xinjiang Urumqi City New Market District Changchun North Road Gaoxin Wanda Plaza 1F",新疆新市区长春北路高新万达广场1F，Xinjiang Urumqi City New Market District Changchun North Road Gaoxin Wanda Plaza 1F,Urumqi,Xinjiang,新疆维吾尔自治区乌鲁木齐市头屯河区高铁街道新疆新市区长春北路高新万达广场1F，Xinjiang Urumqi City New Market District Changchun North Road Gaoxin Wanda Plaza 1FDJ - Xinjiang Urumqi Gaoxin Wanda Plaza ADULT,87.51609000,43.84291000,0.800000
OVT_URC_000055,Overture Maps Places,2026-05-20.0,d660bc66-a770-4a74-ae65-467487f23b14,DJ Xinjiang Urumqi City Qiyi Yard ADULT,shoe_store,新疆维吾尔自治区,乌鲁木齐市,沙依巴克区,和田街街道,"新疆乌鲁木齐市沙依巴克区黄河路七一酱园4F, 4F, Qiyi Sauce Garden, Huanghe Road, Shaibak District, Urumqi, Xinjiang",新疆黄河路七一酱园4F，4F，Qiyi Sauce Garden，Huanghe Road，Shaibak District，Urumqi，Xinjiang,Urumqi,XINJIANG,新疆维吾尔自治区乌鲁木齐市沙依巴克区和田街街道新疆黄河路七一酱园4F，4F，Qiyi Sauce Garden，Huanghe Road，Shaibak District，Urumqi，XinjiangDJ Xinjiang Urumqi City Qiyi Yard ADULT,87.60156000,43.78128000,0.800000
OVT_URC_000056,Overture Maps Places,2026-05-20.0,de75b1ea-72a5-4b68-aa20-c721590cac49,NH Xinjiang Uyghur Autonomous Region Urumqi City Toutunhe District Zhongcheng nine Island outlet KIDS,shoe_store,新疆维吾尔自治区,乌鲁木齐市,头屯河区,白鸟湖街道,"新疆维吾尔自治区乌鲁木齐市头屯河区万盛大街中诚九岛奥特莱斯2F2F-B20, 2F2F-B20, Wansheng Street, Toutunhe District, Urumqi, Xinjiang Uygur Autonomous Region",万盛大街中诚九岛奥特莱斯2F2F-B20，2F2F-B20，Wansheng Street，Toutunhe District，Urumqi，Xinjiang Uygur Autonomous Region,Urumqi,CN,新疆维吾尔自治区乌鲁木齐市头屯河区白鸟湖街道万盛大街中诚九岛奥特莱斯2F2F-B20，2F2F-B20，Wansheng Street，Toutunhe District，Urumqi，Xinjiang Uygur Autonomous RegionNH Xinjiang Uyghur Autonomous Region Urumqi City Toutunhe District Zhongcheng nine Island outlet KIDS,87.43145000,43.82897000,0.800000
OVT_URC_000057,Overture Maps Places,2026-05-20.0,e6a31967-5d48-4aa5-92db-382f607d1066,Xinjiang Shanshan Huijia Outlets Shopping Mall,shoe_store,新疆维吾尔自治区,乌鲁木齐市,新市区,正扬路街道,"新疆杉杉汇嘉奥特莱斯购物广场有限公司 地址：乌鲁木齐市高新技术产业开发区（新市区）东进东街2999号, No. 2999, East Jin East Street, Gaoxin Technology Industrial Development Zone (New downtown), Urumqi",新疆杉杉汇嘉奥特莱斯购物广场有限公司 地址：高新技术产业开发区（）东进东街2999号，No. 2999，East Jin East Street，Gaoxin Technology Industrial Development Zone (New downtown)，Urumqi,Urumqi,CN,新疆维吾尔自治区乌鲁木齐市新市区正扬路街道新疆杉杉汇嘉奥特莱斯购物广场有限公司 地址：高新技术产业开发区（）东进东街2999号，No. 2999，East Jin East Street，Gaoxin Technology Industrial Development Zone (New downtown)，UrumqiXinjiang Shanshan Huijia Outlets Shopping Mall,87.57444000,43.93854000,0.800000
OVT_URC_000058,Overture Maps Places,2026-05-20.0,eb116b93-2d1a-4cc5-ac2f-ee6b3a977239,新疆惠通陆华汽车销售有限公司,automotive_repair,新疆维吾尔自治区,乌鲁木齐市,头屯河区,中亚南路街道,喀什西路600号,喀什西路600号,乌鲁木齐,,新疆维吾尔自治区乌鲁木齐市头屯河区中亚南路街道喀什西路600号新疆惠通陆华汽车销售有限公司,87.53250000,43.88440000,0.800000
OVT_URC_000059,Overture Maps Places,2026-05-20.0,f81a0f6e-cf29-4527-bf1f-742f4a980040,Pandora,jewelry_store,新疆维吾尔自治区,乌鲁木齐市,水磨沟区,新民路街道,"新疆乌鲁木齐市沙依巴克区, 友好南路668号友好百盛购物中心1F",新疆沙依巴克区，友好南路668号友好百盛购物中心1F,Urumqi,,新疆维吾尔自治区乌鲁木齐市水磨沟区新民路街道新疆沙依巴克区，友好南路668号友好百盛购物中心1FPandora,87.60668000,43.81082000,0.800000
OVT_URC_000060,Overture Maps Places,2026-05-20.0,fc65eb2d-4ff6-4377-a23b-babcdf019d82,汉堡王,fast_food_restaurant,新疆维吾尔自治区,乌鲁木齐市,头屯河区,高铁街道,乌鲁木齐经济技术开发区万寿山街万达广场1F汉堡王餐厅,乌鲁木齐经济技术开发区万寿山街万达广场1F汉堡王餐厅,乌鲁木齐市,新疆维吾尔自治区,新疆维吾尔自治区乌鲁木齐市头屯河区高铁街道乌鲁木齐经济技术开发区万寿山街万达广场1F汉堡王餐厅,87.51761600,43.84181600,0.800000
OVT_URC_000061,Overture Maps Places,2026-05-20.0,ff2ad0d5-db2f-4add-8c48-fdc1e584ea18,"HV Outlet ADULT, Baibird Lake New Area, Urumqi, Xinjiang",shoe_store,新疆维吾尔自治区,乌鲁木齐市,头屯河区,白鸟湖街道,"新疆乌鲁木齐市白鸟湖新区万盛大街4706号斯凯奇工厂店, Skecki Factory Shop, 4706 Wansheng Street, Baixiaohu New District, Urumqi, Xinjiang",新疆白鸟湖新区万盛大街4706号斯凯奇工厂店，Skecki Factory Shop，4706 Wansheng Street，Baixiaohu New District，Urumqi，Xinjiang,Urumqi,CN,"新疆维吾尔自治区乌鲁木齐市头屯河区白鸟湖街道新疆白鸟湖新区万盛大街4706号斯凯奇工厂店，Skecki Factory Shop，4706 Wansheng Street，Baixiaohu New District，Urumqi，XinjiangHV Outlet ADULT, Baibird Lake New Area, Urumqi, Xinjiang",87.43145000,43.82897000,0.800000
OVT_URC_000062,Overture Maps Places,2026-05-20.0,fff4dae8-cf95-4a72-8437-9486d009cde2,"NH Huijin Trading KIDS, Xinshi District, Urumqi City, Xinjiang Uygur Autonomous Region",shoe_store,新疆维吾尔自治区,乌鲁木齐市,新市区,二工街道,"新疆维吾尔自治区乌鲁木齐市新市区南纬二路汇金商贸3F3008, South Wei 2nd Road, Huijin Trading 3F3008, Xinshi District",南纬二路汇金商贸3F3008，South Wei 2nd Road，Huijin Trading 3F3008，Xinshi District,Urumqi,XINJIANG,"新疆维吾尔自治区乌鲁木齐市新市区二工街道南纬二路汇金商贸3F3008，South Wei 2nd Road，Huijin Trading 3F3008，Xinshi DistrictNH Huijin Trading KIDS, Xinshi District, Urumqi City, Xinjiang Uygur Autonomous Region",87.56044000,43.86788000,0.800000
OVT_URC_000063,Overture Maps Places,2026-05-20.0,bac6b31e-aee2-4d1f-9ae1-fa53477e7f6e,海德酒店,hotel,新疆维吾尔自治区,乌鲁木齐市,天山区,解放北路街道,东风路1号,东风路1号,,,新疆维吾尔自治区乌鲁木齐市天山区解放北路街道东风路1号海德酒店,87.61939061,43.79479951,0.784162
OVT_URC_000064,Overture Maps Places,2026-05-20.0,96e3b068-59b4-4485-a139-951131144d0c,Hongshan Park,park,新疆维吾尔自治区,乌鲁木齐市,水磨沟区,新民路街道,红山路19号,红山路19号,Ürümqi,,新疆维吾尔自治区乌鲁木齐市水磨沟区新民路街道红山路19号Hongshan Park,87.60329126,43.80812375,0.783010
OVT_URC_000065,Overture Maps Places,2026-05-20.0,65bb94e0-d33a-434f-8e62-c082c890faee,烏魯木齊地窩堡機場,airport,新疆维吾尔自治区,乌鲁木齐市,新市区,机场街道,新疆维吾尔自治区乌鲁木齐市迎宾路1341号,迎宾路1341号,Ürümqi,,新疆维吾尔自治区乌鲁木齐市新市区机场街道迎宾路1341号烏魯木齊地窩堡機場,87.46043543,43.89585063,0.780302
OVT_URC_000066,Overture Maps Places,2026-05-20.0,4afe97ba-b6e9-4f94-9dd6-b5f34ff3111f,新疆民街,shopping_center,新疆维吾尔自治区,乌鲁木齐市,天山区,二道桥街道,龙泉街,龙泉街,Ürümqi,,新疆维吾尔自治区乌鲁木齐市天山区二道桥街道龙泉街新疆民街,87.61448669,43.78551483,0.777152
OVT_URC_000067,Overture Maps Places,2026-05-20.0,b48a08d9-bf37-4af8-a0d2-9a82f974fe00,新疆尊茂鴻福酒店,hotel,新疆维吾尔自治区,乌鲁木齐市,沙依巴克区,和田街街道,,,Ürümqi,,新疆维吾尔自治区乌鲁木齐市沙依巴克区和田街街道新疆尊茂鴻福酒店,87.59759806,43.78765544,0.771982
OVT_URC_000068,Overture Maps Places,2026-05-20.0,91303ead-6d75-4449-80e1-c1168e71a4c9,新疆师范大学-图书馆,library,新疆维吾尔自治区,乌鲁木齐市,沙依巴克区,友好北路街道,师范大学内,师范大学内,,,新疆维吾尔自治区乌鲁木齐市沙依巴克区友好北路街道师范大学内新疆师范大学-图书馆,87.58990932,43.83058209,0.770443
OVT_URC_000069,Overture Maps Places,2026-05-20.0,0f8e802c-682a-41e2-aec0-b2f8180cd298,HEYTEA 喜茶,bubble_tea,新疆维吾尔自治区,乌鲁木齐市,天山区,二道桥街道,,,Urumqi,Xinjiang Uygur Zizhiqu,新疆维吾尔自治区乌鲁木齐市天山区二道桥街道HEYTEA 喜茶,87.61414300,43.77990800,0.770000
OVT_URC_000070,Overture Maps Places,2026-05-20.0,143b8640-065e-4061-8a72-05de2b9c5dcb,Burger King 汉堡王,fast_food_restaurant,新疆维吾尔自治区,乌鲁木齐市,沙依巴克区,友好南路街道,,,,,新疆维吾尔自治区乌鲁木齐市沙依巴克区友好南路街道Burger King 汉堡王,87.58334797,43.81870905,0.770000
OVT_URC_000071,Overture Maps Places,2026-05-20.0,17f948f7-ce66-42a4-a789-4b52205514af,KFC 肯德基,fast_food_restaurant,新疆维吾尔自治区,乌鲁木齐市,新市区,机场街道,T2 出发层,T2 出发层,Urumqi,Xinjiang Uygur Zizhiqu,新疆维吾尔自治区乌鲁木齐市新市区机场街道T2 出发层KFC 肯德基,87.47110000,43.90057000,0.770000
OVT_URC_000072,Overture Maps Places,2026-05-20.0,25debf7a-d1be-40f7-893e-3120b747b2a6,KFC 肯德基,fast_food_restaurant,新疆维吾尔自治区,乌鲁木齐市,水磨沟区,南湖南路街道,178 Nanhu S Rd | 南湖南路 178号,178 Nanhu S Rd 南湖南路 178号,Wulumuqi,Xinjiang,新疆维吾尔自治区乌鲁木齐市水磨沟区南湖南路街道178 Nanhu S Rd 南湖南路 178号KFC 肯德基,87.61120319,43.81764442,0.770000
OVT_URC_000073,Overture Maps Places,2026-05-20.0,31d7d6c6-b5ad-4673-9bbe-b1932a919f01,Pizza Hut 必胜客,pizza_restaurant,新疆维吾尔自治区,乌鲁木齐市,天山区,新华北路街道,中山路286号,中山路286号,乌鲁木齐,新疆,新疆维吾尔自治区乌鲁木齐市天山区新华北路街道中山路286号Pizza Hut 必胜客,87.61768341,43.79405268,0.770000
OVT_URC_000074,Overture Maps Places,2026-05-20.0,39c3609c-1f64-4c9a-b582-95dd4456008d,MUJI 無印良品,department_store,新疆维吾尔自治区,乌鲁木齐市,天山区,东门街道,16 Heping N Rd | 东门街道和平北路16号,16 Heping N Rd 和平北路16号,Ürümqi,Xinjiang,新疆维吾尔自治区乌鲁木齐市天山区东门街道16 Heping N Rd 和平北路16号MUJI 無印良品,87.62268037,43.79298394,0.770000
OVT_URC_000075,Overture Maps Places,2026-05-20.0,3fc393b5-1824-4dd1-ad7d-2c554ccbc0c0,BURBERRY(美美百货店),,新疆维吾尔自治区,乌鲁木齐市,沙依巴克区,友好南路街道,"友好北路689号, 美美百货一层S116-117号商铺, 沙依巴克区",友好北路689号，美美百货一层S116-117号商铺,乌鲁木齐市,新疆维吾尔自治区,新疆维吾尔自治区乌鲁木齐市沙依巴克区友好南路街道友好北路689号，美美百货一层S116-117号商铺BURBERRY(美美百货店),87.58905500,43.82043500,0.770000
OVT_URC_000076,Overture Maps Places,2026-05-20.0,416cc315-b8c1-41ab-88db-71f5b5c4852d,Burger King 汉堡王,fast_food_restaurant,新疆维吾尔自治区,乌鲁木齐市,头屯河区,高铁街道,,,乌鲁木齐市,新疆维吾尔自治区,新疆维吾尔自治区乌鲁木齐市头屯河区高铁街道Burger King 汉堡王,87.51694700,43.83858500,0.770000
OVT_URC_000077,Overture Maps Places,2026-05-20.0,43ae428b-ce83-4025-8aa8-f8acc28aaac8,宜必思酒店(铁路局店),hotel,新疆维吾尔自治区,乌鲁木齐市,新市区,二工街道,"北京南路926号, 新市区",北京南路926号,乌鲁木齐市,新疆维吾尔自治区,新疆维吾尔自治区乌鲁木齐市新市区二工街道北京南路926号宜必思酒店(铁路局店),87.56431600,43.86654300,0.770000
OVT_URC_000078,Overture Maps Places,2026-05-20.0,45ae5d7f-a040-4ada-9b31-66b13d7d797c,宜必思酒店(卫星广场店),hotel,新疆维吾尔自治区,乌鲁木齐市,头屯河区,中亚南路街道,"北海路31号, 新市区",北海路31号，新市区,乌鲁木齐市,新疆维吾尔自治区,新疆维吾尔自治区乌鲁木齐市头屯河区中亚南路街道北海路31号，新市区宜必思酒店(卫星广场店),87.53229000,43.87314000,0.770000
OVT_URC_000079,Overture Maps Places,2026-05-20.0,4ea0f449-2a8a-4ec0-abd1-0b8c38be4003,如家快捷酒店(烏魯木齊七一醬園和平橋店),hotel,新疆维吾尔自治区,乌鲁木齐市,沙依巴克区,和田街街道,仓房沟北路190号,仓房沟北路190号,乌鲁木齐市,新疆维吾尔自治区,新疆维吾尔自治区乌鲁木齐市沙依巴克区和田街街道仓房沟北路190号如家快捷酒店(烏魯木齊七一醬園和平橋店),87.59733200,43.77626200,0.770000
OVT_URC_000080,Overture Maps Places,2026-05-20.0,5a5b8d4e-ca7c-489b-a2e7-7d42ef48f9f4,Pizza Hut 必胜客,pizza_restaurant,新疆维吾尔自治区,乌鲁木齐市,天山区,青年路街道,红山路世纪金花店,红山路世纪金花店,乌鲁木齐,新疆,新疆维吾尔自治区乌鲁木齐市天山区青年路街道红山路世纪金花店Pizza Hut 必胜客,87.60627325,43.80280991,0.770000
OVT_URC_000081,Overture Maps Places,2026-05-20.0,5f7ffc31-3003-4cba-bc89-18756c7e764e,美美II期MM2购物中心,perfume_store,新疆维吾尔自治区,乌鲁木齐市,沙依巴克区,友好南路街道,乌鲁木齐市友好北路688号,友好北路688号,Wulumuqi,,新疆维吾尔自治区乌鲁木齐市沙依巴克区友好南路街道友好北路688号美美II期MM2购物中心,87.59064500,43.82021700,0.770000
OVT_URC_000082,Overture Maps Places,2026-05-20.0,713cf9a2-64ec-4e56-87fc-7d5b695664c1,CHAGEE 霸王茶姬,bubble_tea,新疆维吾尔自治区,乌鲁木齐市,新市区,天津北路社区,,,Urumqi,Xinjiang Uygur Zizhiqu,新疆维吾尔自治区乌鲁木齐市新市区天津北路社区CHAGEE 霸王茶姬,87.55736200,43.87640000,0.770000
OVT_URC_000083,Overture Maps Places,2026-05-20.0,72d1a4be-2d4c-4d80-bd16-0e6a1cbd45f6,人民剧场,theatre,新疆维吾尔自治区,乌鲁木齐市,天山区,解放南路街道,建中路2号，南门,建中路2号，南门,乌鲁木齐市,新疆,新疆维吾尔自治区乌鲁木齐市天山区解放南路街道建中路2号，南门人民剧场,87.61877775,43.78924320,0.770000
OVT_URC_000084,Overture Maps Places,2026-05-20.0,79fb1cd0-7443-4609-8e91-e91d658ac2af,United Colors of Benetton,clothing_store,新疆维吾尔自治区,乌鲁木齐市,天山区,东门街道,70 Heping N Rd | 和平北街 70号,70 Heping N Rd 和平北街 70号,Urumqi,Xinjiang,新疆维吾尔自治区乌鲁木齐市天山区东门街道70 Heping N Rd 和平北街 70号United Colors of Benetton,87.62555800,43.79507500,0.770000
OVT_URC_000085,Overture Maps Places,2026-05-20.0,85867966-7276-4117-8f48-0f9eee0d82db,Burger King 汉堡王,fast_food_restaurant,新疆维吾尔自治区,乌鲁木齐市,天山区,青年路街道,30 Guangming Rd | 光明路 30号,30 Guangming Rd 光明路 30号,Ürümqi,Xinjiang Uygur Zizhiqu,新疆维吾尔自治区乌鲁木齐市天山区青年路街道30 Guangming Rd 光明路 30号Burger King 汉堡王,87.60453243,43.80287887,0.770000
OVT_URC_000086,Overture Maps Places,2026-05-20.0,8f807094-cb98-4b62-b3a2-7f475332616b,KFC 肯德基,fast_food_restaurant,新疆维吾尔自治区,乌鲁木齐市,新市区,南纬路街道,Suzhou Rd,Suzhou Rd,,,新疆维吾尔自治区乌鲁木齐市新市区南纬路街道Suzhou RdKFC 肯德基,87.55871210,43.86773724,0.770000
OVT_URC_000087,Overture Maps Places,2026-05-20.0,91f79502-7d77-424b-82f9-b03eed9d3445,Hongshan Park 红山公园,park,新疆维吾尔自治区,乌鲁木齐市,水磨沟区,新民路街道,红山路2号,红山路2号,Urumqi,Xinjiang,新疆维吾尔自治区乌鲁木齐市水磨沟区新民路街道红山路2号Hongshan Park 红山公园,87.60136452,43.80687310,0.770000
OVT_URC_000088,Overture Maps Places,2026-05-20.0,95796450-f372-4aa2-af40-deafc193d054,KFC 肯德基,fast_food_restaurant,新疆维吾尔自治区,乌鲁木齐市,沙依巴克区,和田街街道,黄河路400号,黄河路400号,乌鲁木齐市,新疆维吾尔自治区,新疆维吾尔自治区乌鲁木齐市沙依巴克区和田街街道黄河路400号KFC 肯德基,87.59704649,43.78288865,0.770000
OVT_URC_000089,Overture Maps Places,2026-05-20.0,a7731c08-1608-406a-9595-8c13dcb20ad7,KFC 肯德基,fast_food_restaurant,新疆维吾尔自治区,乌鲁木齐市,天山区,解放北路街道,Wenhua Rd,Wenhua Rd,Urumqi,,新疆维吾尔自治区乌鲁木齐市天山区解放北路街道Wenhua RdKFC 肯德基,87.61814860,43.79429202,0.770000
OVT_URC_000090,Overture Maps Places,2026-05-20.0,af59c669-e1cb-40ea-a6cd-f5840c60b3fd,KFC 肯德基,fast_food_restaurant,新疆维吾尔自治区,乌鲁木齐市,新市区,机场街道,T3,T3,Wulumuqi,Xinjiang Uygur Zizhiqu,新疆维吾尔自治区乌鲁木齐市新市区机场街道T3KFC 肯德基,87.46742278,43.89822514,0.770000
OVT_URC_000091,Overture Maps Places,2026-05-20.0,b847ee9d-de6a-4715-84a4-6caf40bcc25b,Burger King 汉堡王,fast_food_restaurant,新疆维吾尔自治区,乌鲁木齐市,沙依巴克区,和田街街道,国美,国美,Urumqi,Xinjiang Uygur Zizhiqu,新疆维吾尔自治区乌鲁木齐市沙依巴克区和田街街道国美Burger King 汉堡王,87.60127800,43.78050100,0.770000
OVT_URC_000092,Overture Maps Places,2026-05-20.0,beb21589-f756-4292-8aaa-c5714064d968,美美百货,shopping_center,新疆维吾尔自治区,乌鲁木齐市,沙依巴克区,友好南路街道,沙依巴克区友好路友好商业步行街(明园西路),友好路友好商业步行街(明园西路),乌鲁木齐,中国,新疆维吾尔自治区乌鲁木齐市沙依巴克区友好南路街道友好路友好商业步行街(明园西路)美美百货,87.58517161,43.81922709,0.770000
OVT_URC_000093,Overture Maps Places,2026-05-20.0,c6350163-3ced-4fb7-961f-779276881b64,Carrefour 家乐福,supermarket,新疆维吾尔自治区,乌鲁木齐市,天山区,二道桥街道,解放南路8号,解放南路8号,乌鲁木齐,,新疆维吾尔自治区乌鲁木齐市天山区二道桥街道解放南路8号Carrefour 家乐福,87.61416157,43.77867574,0.770000
OVT_URC_000094,Overture Maps Places,2026-05-20.0,c6a3fd88-01e7-4b98-9cf3-48e26ec77e78,KFC 肯德基,fast_food_restaurant,新疆维吾尔自治区,乌鲁木齐市,沙依巴克区,友好南路街道,,,,,新疆维吾尔自治区乌鲁木齐市沙依巴克区友好南路街道KFC 肯德基,87.58751618,43.82311198,0.770000
OVT_URC_000095,Overture Maps Places,2026-05-20.0,c728472e-be08-43a8-ab19-1cfbd73e3f39,All Seasons Hotel 全季酒店(红山店),hotel,新疆维吾尔自治区,乌鲁木齐市,天山区,新华北路街道,"新华北路139号, 天山区",新华北路139号,乌鲁木齐市,新疆维吾尔自治区,新疆维吾尔自治区乌鲁木齐市天山区新华北路街道新华北路139号All Seasons Hotel 全季酒店(红山店),87.60814800,43.80065600,0.770000
OVT_URC_000096,Overture Maps Places,2026-05-20.0,d8a83a58-277a-47bf-abae-815d2f239928,CHAGEE 霸王茶姬,bubble_tea,新疆维吾尔自治区,乌鲁木齐市,新市区,地窝堡乡,,,Urumqi,Xinjiang Uygur Zizhiqu,新疆维吾尔自治区乌鲁木齐市新市区地窝堡乡CHAGEE 霸王茶姬,87.47253800,43.91520300,0.770000
OVT_URC_000097,Overture Maps Places,2026-05-20.0,dbfa9445-68d8-4bdb-8431-ff5377f0e661,Xiyue Hotel 禧玥酒店(东街店),hotel,新疆维吾尔自治区,乌鲁木齐市,水磨沟区,新民路街道,"新民东街186号, 七一阳光生活广场, 水磨沟区",新民东街186号，七一阳光生活广场,乌鲁木齐市,新疆维吾尔自治区,新疆维吾尔自治区乌鲁木齐市水磨沟区新民路街道新民东街186号，七一阳光生活广场Xiyue Hotel 禧玥酒店(东街店),87.62260400,43.81708500,0.770000
OVT_URC_000098,Overture Maps Places,2026-05-20.0,ddfb39e4-43bc-48cc-9a10-be76cb172dd0,Carrefour 家乐福,supermarket,新疆维吾尔自治区,乌鲁木齐市,水磨沟区,南湖南路街道,178 Nanhu S Rd | 南湖南路 178号,178 Nanhu S Rd 南湖南路 178号,乌鲁木齐市,中国,新疆维吾尔自治区乌鲁木齐市水磨沟区南湖南路街道178 Nanhu S Rd 南湖南路 178号Carrefour 家乐福,87.61085600,43.81751800,0.770000
OVT_URC_000099,Overture Maps Places,2026-05-20.0,e01a76ac-cf37-4c4b-900c-ade812571285,Xinjiang Medical University (新疆医科大学),medical_school,新疆维吾尔自治区,乌鲁木齐市,新市区,鲤鱼山街道,8- XinYi Lu,8- XinYi Lu,Urumqi,Xinjiang,新疆维吾尔自治区乌鲁木齐市新市区鲤鱼山街道8- XinYi LuXinjiang Medical University (新疆医科大学),87.57597483,43.83542853,0.770000
OVT_URC_000100,Overture Maps Places,2026-05-20.0,e62657c5-3300-4cf5-9708-c3f189b43429,Xinjiang University 新疆大学,college_university,新疆维吾尔自治区,乌鲁木齐市,天山区,胜利路街道,666 Shengli Rd | 胜利路 666号,666 Shengli Rd 胜利路 666号,Ürümqi,Xinjiang Uygur Zizhiqu,新疆维吾尔自治区乌鲁木齐市天山区胜利路街道666 Shengli Rd 胜利路 666号Xinjiang University 新疆大学,87.61267304,43.76482875,0.770000
OVT_URC_000101,Overture Maps Places,2026-05-20.0,eda5ca84-0f48-4cfc-9dac-dae3dfe96705,KFC 肯德基,fast_food_restaurant,新疆维吾尔自治区,乌鲁木齐市,新市区,南纬路街道,,,Urumqi,Xinjiang Uygur Zizhiqu,新疆维吾尔自治区乌鲁木齐市新市区南纬路街道KFC 肯德基,87.55422900,43.87611000,0.770000
OVT_URC_000102,Overture Maps Places,2026-05-20.0,f1b48730-edd7-4f2a-bcff-70390e49d015,太平洋咖啡(时代广场世纪金花店),coffee_shop,新疆维吾尔自治区,乌鲁木齐市,天山区,青年路街道,30 Guangming Rd | 光明路 30号,30 Guangming Rd 光明路 30号,Ürümqi,Xinjiang Uygur Zizhiqu,新疆维吾尔自治区乌鲁木齐市天山区青年路街道30 Guangming Rd 光明路 30号太平洋咖啡(时代广场世纪金花店),87.60607481,43.80229217,0.770000
OVT_URC_000103,Overture Maps Places,2026-05-20.0,5adb9cae-7549-48f2-bd7e-b88ea6f99a72,烏魯木齊中和大酒店 Zhonghe Hotel,hotel,新疆维吾尔自治区,乌鲁木齐市,新市区,北京路街道,499 Beijing South Road,499 Beijing South Road,Ürümqi,,新疆维吾尔自治区乌鲁木齐市新市区北京路街道499 Beijing South Road烏魯木齊中和大酒店 Zhonghe Hotel,87.56357090,43.85101210,0.755243
OVT_URC_000104,Overture Maps Places,2026-05-20.0,36961586-c194-4a9c-b707-f88271a3c2ae,乌西站,train_station,新疆维吾尔自治区,乌鲁木齐市,头屯河区,火车西站街道,,,Ürümqi,,新疆维吾尔自治区乌鲁木齐市头屯河区火车西站街道乌西站,87.41805556,43.86805556,0.745756
OVT_URC_000105,Overture Maps Places,2026-05-20.0,b6016f38-feb3-4ea6-9367-7d440a936ab3,边疆宾馆 (Отель BianJiang),hotel,新疆维吾尔自治区,乌鲁木齐市,天山区,胜利路街道,,,Ürümqi,,新疆维吾尔自治区乌鲁木齐市天山区胜利路街道边疆宾馆 (Отель BianJiang),87.62547600,43.76561000,0.745086
OVT_URC_000106,Overture Maps Places,2026-05-20.0,38d7af49-c4be-4f47-b1f4-f53844b45264,君邦天山大饭店,restaurant,新疆维吾尔自治区,乌鲁木齐市,天山区,新华南路街道,龙泉街199号,龙泉街199号,,,新疆维吾尔自治区乌鲁木齐市天山区新华南路街道龙泉街199号君邦天山大饭店,87.60880114,43.78437007,0.744359
OVT_URC_000107,Overture Maps Places,2026-05-20.0,8a4f5836-8acd-4ddb-b8e1-c14d4b4c75dc,新疆西白楊溝南山風景區,landmark_and_historical_building,新疆维吾尔自治区,乌鲁木齐市,沙依巴克区,一,,,Toli,,新疆维吾尔自治区乌鲁木齐市沙依巴克区一新疆西白楊溝南山風景區,87.40893610,43.65533129,0.741102
OVT_URC_000108,Overture Maps Places,2026-05-20.0,38225f76-7f2a-4048-83bd-f61cb6c45a3a,乌拉泊站,train_station,新疆维吾尔自治区,乌鲁木齐市,沙依巴克区,炉院街街道,,,Ürümqi,,新疆维吾尔自治区乌鲁木齐市沙依巴克区炉院街街道乌拉泊站,87.57594444,43.70497500,0.736713
OVT_URC_000109,Overture Maps Places,2026-05-20.0,e9b3e91f-8f0c-4a09-a837-be620761ed0d,乌北站,train_station,新疆维吾尔自治区,乌鲁木齐市,头屯河区,北站西路街道,,,Ürümqi,,新疆维吾尔自治区乌鲁木齐市头屯河区北站西路街道乌北站,87.47296600,43.87763700,0.730493
OVT_URC_000110,Overture Maps Places,2026-05-20.0,b65da714-e28c-4279-8b75-96145eb4e149,烏魯木齊米東國際大酒店,hotel,新疆维吾尔自治区,乌鲁木齐市,米东区,古牧地东路街道,,,Ürümqi,,新疆维吾尔自治区乌鲁木齐市米东区古牧地东路街道烏魯木齊米東國際大酒店,87.66099458,43.97154083,0.729649
OVT_URC_000111,Overture Maps Places,2026-05-20.0,5a624257-5ed7-473c-ae5e-c01e2abf8b53,Zhong Zhi International School,school,新疆维吾尔自治区,乌鲁木齐市,新市区,迎宾路北社区,众志中学，289 迎宾路,众志中学，289 迎宾路,Ürümqi,,新疆维吾尔自治区乌鲁木齐市新市区迎宾路北社区众志中学，289 迎宾路Zhong Zhi International School,87.52434254,43.89374846,0.725262
OVT_URC_000112,Overture Maps Places,2026-05-20.0,d1223662-7c52-456e-8e2b-00da33fdf225,烏魯木斉國際機場,airport,新疆维吾尔自治区,乌鲁木齐市,新市区,机场街道,,,Ürümqi,,新疆维吾尔自治区乌鲁木齐市新市区机场街道烏魯木斉國際機場,87.47416700,43.90722200,0.720445
OVT_URC_000113,Overture Maps Places,2026-05-20.0,60ab9473-b7ef-4e83-9ce5-255f6cdb27a8,新疆突瑪麗斯大飯店,hotel,新疆维吾尔自治区,乌鲁木齐市,天山区,新华南路街道,Outer Ring Rd,Outer Ring Rd,Ürümqi,,新疆维吾尔自治区乌鲁木齐市天山区新华南路街道Outer Ring Rd新疆突瑪麗斯大飯店,87.60826208,43.77722988,0.718897
OVT_URC_000114,Overture Maps Places,2026-05-20.0,8a4aa9ab-5ce4-4d4a-bcac-6ab26472baa5,新疆天山山脈,mountain,新疆维吾尔自治区,乌鲁木齐市,头屯河区,中亚南路街道,,,,,新疆维吾尔自治区乌鲁木齐市头屯河区中亚南路街道新疆天山山脈,87.53331390,43.86882650,0.716175
OVT_URC_000115,Overture Maps Places,2026-05-20.0,5ad0038d-26bf-4806-a1e8-221efd5b12fb,烏魯木齊人民公園,park,新疆维吾尔自治区,乌鲁木齐市,天山区,新华北路街道,,,Ürümqi,,新疆维吾尔自治区乌鲁木齐市天山区新华北路街道烏魯木齊人民公園,87.60416700,43.79736100,0.711011
OVT_URC_000116,Overture Maps Places,2026-05-20.0,25371137-0a93-45aa-9118-06712de7001f,穆沙烧烤 Musa BBQ,barbecue_restaurant,新疆维吾尔自治区,乌鲁木齐市,沙依巴克区,友好北路街道,西八家户路53号,西八家户路53号,Ürümqi,,新疆维吾尔自治区乌鲁木齐市沙依巴克区友好北路街道西八家户路53号穆沙烧烤 Musa BBQ,87.59485351,43.82520086,0.704441
OVT_URC_000117,Overture Maps Places,2026-05-20.0,d25a8768-fe4d-4246-a9e6-e1f00ac0f54b,新疆國際大巴扎,shopping_center,新疆维吾尔自治区,乌鲁木齐市,天山区,二道桥街道,新疆维吾尔自治区乌鲁木齐市天山区解放南路8号,解放南路8号,Ürümqi,,新疆维吾尔自治区乌鲁木齐市天山区二道桥街道解放南路8号新疆國際大巴扎,87.61424506,43.77852633,0.704424
OVT_URC_000118,Overture Maps Places,2026-05-20.0,4f375624-dadf-40b1-b91c-d85362efb79b,新疆維也納酒店,hotel,新疆维吾尔自治区,乌鲁木齐市,新市区,二工街道,,,Ürümqi,,新疆维吾尔自治区乌鲁木齐市新市区二工街道新疆維也納酒店,87.56500747,43.86304388,0.704355
OVT_URC_000119,Overture Maps Places,2026-05-20.0,9ed223b1-3fce-42d0-8a9c-9ca1ff120ef9,天山大峽谷之南山牧場,mountain,新疆维吾尔自治区,乌鲁木齐市,新市区,机场街道,,,Ürümqi,,新疆维吾尔自治区乌鲁木齐市新市区机场街道天山大峽谷之南山牧場,87.48018917,43.89626400,0.701508
OVT_URC_000120,Overture Maps Places,2026-05-20.0,26c284be-93c3-48ef-8d1a-400a32335f95,雅玛里克山森林公园,national_park,新疆维吾尔自治区,乌鲁木齐市,沙依巴克区,雅玛里克山街道,宝山路,宝山路,Ürümqi,,新疆维吾尔自治区乌鲁木齐市沙依巴克区雅玛里克山街道宝山路雅玛里克山森林公园,87.58408800,43.79976700,0.696634
OVT_URC_000121,Overture Maps Places,2026-05-20.0,4c00a10c-2c93-47ff-a4b9-c2b0878fd81e,野马古生态园(野马俱乐部),museum,新疆维吾尔自治区,乌鲁木齐市,新市区,鲤鱼山街道,,,Ürümqi,,新疆维吾尔自治区乌鲁木齐市新市区鲤鱼山街道野马古生态园(野马俱乐部),87.57345700,43.85467300,0.677644
OVT_URC_000122,Overture Maps Places,2026-05-20.0,5802b4a3-b23b-40d7-942d-c43a52d5663e,赛博电脑城,electronics,新疆维吾尔自治区,乌鲁木齐市,天山区,新华北路街道,红旗路,红旗路,Ürümqi,,新疆维吾尔自治区乌鲁木齐市天山区新华北路街道红旗路赛博电脑城,87.61590372,43.79203372,0.673816
OVT_URC_000123,Overture Maps Places,2026-05-20.0,42e44dbe-511f-4252-813c-d1919265a706,麦田青年旅社   Maitan Hostel,hostel,新疆维吾尔自治区,乌鲁木齐市,沙依巴克区,扬子江路街道,友好南路726号,友好南路726号,Ürümqi,,新疆维吾尔自治区乌鲁木齐市沙依巴克区扬子江路街道友好南路726号麦田青年旅社   Maitan Hostel,87.59862309,43.80294998,0.669402
OVT_URC_000124,Overture Maps Places,2026-05-20.0,2aafe23b-305f-4281-b21d-010b27942e70,友好百盛购物中心,shopping_center,新疆维吾尔自治区,乌鲁木齐市,沙依巴克区,扬子江路街道,友好南路668号,友好南路668号,,,新疆维吾尔自治区乌鲁木齐市沙依巴克区扬子江路街道友好南路668号友好百盛购物中心,87.59674072,43.80278775,0.665631
OVT_URC_000125,Overture Maps Places,2026-05-20.0,17375862-7818-493f-99ee-88bb79a98ea8,新疆皓天国泰大饭店,hotel,新疆维吾尔自治区,乌鲁木齐市,新市区,北京路街道,阿勒泰路508号,阿勒泰路508号,,,新疆维吾尔自治区乌鲁木齐市新市区北京路街道阿勒泰路508号新疆皓天国泰大饭店,87.56719386,43.83921308,0.659767
OVT_URC_000126,Overture Maps Places,2026-05-20.0,77ff7e8c-89f9-44f7-bf1e-4eb50b8f399e,明园新时代大酒店   Minyuan Newtimes Hotel,hotel,新疆维吾尔自治区,乌鲁木齐市,沙依巴克区,友好南路街道,友好北路739号,友好北路739号,Ürümqi,,新疆维吾尔自治区乌鲁木齐市沙依巴克区友好南路街道友好北路739号明园新时代大酒店   Minyuan Newtimes Hotel,87.58764160,43.81831056,0.652505
OVT_URC_000127,Overture Maps Places,2026-05-20.0,20a1ff74-b438-4403-8395-f18a756886af,乌鲁木齐市第一中学 Urumqi No.1 Senior High School,high_school,新疆维吾尔自治区,乌鲁木齐市,沙依巴克区,雅玛里克山街道,健康路,健康路,Ürümqi,,新疆维吾尔自治区乌鲁木齐市沙依巴克区雅玛里克山街道健康路乌鲁木齐市第一中学 Urumqi No.1 Senior High School,87.58330000,43.80000000,0.648105
OVT_URC_000128,Overture Maps Places,2026-05-20.0,5fac861b-4694-4fa0-9eb2-f3e352e30e19,"Mагазин фарфоровых изделий ""Таня""",department_store,新疆维吾尔自治区,乌鲁木齐市,天山区,胜利路街道,天山区延安路662号新疆边疆宾馆商贸市场八期三楼8308号,延安路662号新疆边疆宾馆商贸市场八期三楼8308号,Ürümqi,,"新疆维吾尔自治区乌鲁木齐市天山区胜利路街道延安路662号新疆边疆宾馆商贸市场八期三楼8308号Mагазин фарфоровых изделий ""Таня""",87.62467861,43.76582536,0.635281
OVT_URC_000129,Overture Maps Places,2026-05-20.0,588905e2-7bc3-4381-b7d0-6e34615b2df9,李氏饭馆,chinese_restaurant,新疆维吾尔自治区,乌鲁木齐市,沙依巴克区,友好北路街道,鲤鱼山南路7号,鲤鱼山南路7号,,,新疆维吾尔自治区乌鲁木齐市沙依巴克区友好北路街道鲤鱼山南路7号李氏饭馆,87.58333832,43.83349956,0.629994
OVT_URC_000130,Overture Maps Places,2026-05-20.0,80d0ce81-db0e-405b-8658-837b26a97fb5,乌鲁木齐华凌雅高美爵大饭店,hotel,新疆维吾尔自治区,乌鲁木齐市,水磨沟区,南湖南路街道,西虹东路109号,西虹东路109号,,,新疆维吾尔自治区乌鲁木齐市水磨沟区南湖南路街道西虹东路109号乌鲁木齐华凌雅高美爵大饭店,87.60096934,43.81532274,0.622969
OVT_URC_000131,Overture Maps Places,2026-05-20.0,3839157a-79b4-47b2-812f-4637862c10e4,乌鲁木齐市第一中学,elementary_school,新疆维吾尔自治区,乌鲁木齐市,天山区,解放北路街道,新华北路,新华北路,,,新疆维吾尔自治区乌鲁木齐市天山区解放北路街道新华北路乌鲁木齐市第一中学,87.62194700,43.79975900,0.619515
OVT_URC_000132,Overture Maps Places,2026-05-20.0,eca63385-eb5e-42fc-9b76-f1a10578ec66,Sta Food,fast_food_restaurant,新疆维吾尔自治区,乌鲁木齐市,天山区,解放北路街道,文化路三巷30号,文化路三巷30号,,,新疆维吾尔自治区乌鲁木齐市天山区解放北路街道文化路三巷30号Sta Food,87.62039507,43.79515091,0.618817
OVT_URC_000133,Overture Maps Places,2026-05-20.0,ecdf8b16-73a0-49db-ace8-46fc332655cd,兵团大酒店,hotel,新疆维吾尔自治区,乌鲁木齐市,沙依巴克区,扬子江路街道,友好南路551hao,友好南路551hao,Ürümqi,,新疆维吾尔自治区乌鲁木齐市沙依巴克区扬子江路街道友好南路551hao兵团大酒店,87.59486321,43.80391322,0.606874
OVT_URC_000134,Overture Maps Places,2026-05-20.0,ac3deba6-bb44-4b4a-9784-4fffa7d61dda,乌鲁木齐地窝堡国际机场,airport,新疆维吾尔自治区,乌鲁木齐市,新市区,机场街道,迎宾路46号,迎宾路46号,,,新疆维吾尔自治区乌鲁木齐市新市区机场街道迎宾路46号乌鲁木齐地窝堡国际机场,87.47508849,43.90234824,0.602411
OVT_URC_000135,Overture Maps Places,2026-05-20.0,708825a1-f987-4feb-876b-e64a9910876f,新疆大学,education,新疆维吾尔自治区,乌鲁木齐市,天山区,胜利路街道,胜利路14号,胜利路14号,,,新疆维吾尔自治区乌鲁木齐市天山区胜利路街道胜利路14号新疆大学,87.61291300,43.76480300,0.599783
OVT_URC_000136,Overture Maps Places,2026-05-20.0,81d6c602-6ffa-4551-af93-b0d83ba6fb61,新疆财经大学,college_university,新疆维吾尔自治区,乌鲁木齐市,新市区,杭州路街道,北京中路449号,北京中路449号,,,新疆维吾尔自治区乌鲁木齐市新市区杭州路街道北京中路449号新疆财经大学,87.54666634,43.88433976,0.598602
OVT_URC_000137,Overture Maps Places,2026-05-20.0,9df4771d-013d-4ddf-9ade-b65d0101ed5e,开帝锐抓饭,middle_eastern_restaurant,新疆维吾尔自治区,乌鲁木齐市,天山区,新华北路街道,和田街33号,和田街33号,Ürümqi,,新疆维吾尔自治区乌鲁木齐市天山区新华北路街道和田街33号开帝锐抓饭,87.60893981,43.79319145,0.598353
OVT_URC_000138,Overture Maps Places,2026-05-20.0,5d358cd6-4247-46a5-9d8a-b366a6316956,温州大酒店,hotel,新疆维吾尔自治区,乌鲁木齐市,沙依巴克区,和田街街道,黑龙江路222号,黑龙江路222号,,,新疆维吾尔自治区乌鲁木齐市沙依巴克区和田街街道黑龙江路222号温州大酒店,87.59496880,43.79223926,0.594000
OVT_URC_000139,Overture Maps Places,2026-05-20.0,42f78718-8a02-420d-888d-fe0db6de2e91,鹿港小镇,chinese_restaurant,新疆维吾尔自治区,乌鲁木齐市,天山区,新华北路街道,红旗路22号,红旗路22号,,,新疆维吾尔自治区乌鲁木齐市天山区新华北路街道红旗路22号鹿港小镇,87.61413600,43.79599500,0.586189
OVT_URC_000140,Overture Maps Places,2026-05-20.0,8879ac82-df5f-4b46-a5ec-061c32728301,火宴山,restaurant,新疆维吾尔自治区,乌鲁木齐市,天山区,解放北路街道,解放北路69号铜锣湾广场,解放北路69号铜锣湾广场,,,新疆维吾尔自治区乌鲁木齐市天山区解放北路街道解放北路69号铜锣湾广场火宴山,87.61848606,43.79471445,0.583690
OVT_URC_000141,Overture Maps Places,2026-05-20.0,583e0cda-dbd1-4862-905d-f1ffa0a3cee0,骑马山,bridge,新疆维吾尔自治区,乌鲁木齐市,沙依巴克区,骑马山街道,骑马山,骑马山,Ürümqi,,新疆维吾尔自治区乌鲁木齐市沙依巴克区骑马山街道,87.55037100,43.81650700,0.579775
OVT_URC_000142,Overture Maps Places,2026-05-20.0,b4932d58-3303-424d-afab-16462b89118b,红山干果市场   Hongshan dried fruit market,grocery_store,新疆维吾尔自治区,乌鲁木齐市,沙依巴克区,扬子江路街道,西北路1233号,西北路1233号,Ürümqi,,新疆维吾尔自治区乌鲁木齐市沙依巴克区扬子江路街道西北路1233号红山干果市场   Hongshan dried fruit market,87.59204334,43.80525385,0.577127
OVT_URC_000143,Overture Maps Places,2026-05-20.0,f72b31d3-248d-41c2-bc08-7af2d406b57d,阿布拉的馕,bakery,新疆维吾尔自治区,乌鲁木齐市,沙依巴克区,友好南路街道,西虹西路104号,西虹西路104号,Ürümqi,,新疆维吾尔自治区乌鲁木齐市沙依巴克区友好南路街道西虹西路104号阿布拉的馕,87.58980274,43.80878124,0.576156
OVT_URC_000144,Overture Maps Places,2026-05-20.0,5a81bc9d-89b6-4b7c-9f93-3847ad88cfb8,乐赞客咖啡,coffee_shop,新疆维吾尔自治区,乌鲁木齐市,天山区,青年路街道,30 Guangming Rd   光明路 30号,30 Guangming Rd 光明路 30号,Ürümqi,,新疆维吾尔自治区乌鲁木齐市天山区青年路街道30 Guangming Rd 光明路 30号乐赞客咖啡,87.60639300,43.80317500,0.571806
OVT_URC_000145,Overture Maps Places,2026-05-20.0,a576c404-cb26-4c3c-8221-4b0760545534,Wuika Plaza 汇嘉时代,shopping_center,新疆维吾尔自治区,乌鲁木齐市,新市区,杭州路街道,147 Beijing M Rd   北京中路147号,147 Beijing M Rd 北京中路147号,Ürümqi,,新疆维吾尔自治区乌鲁木齐市新市区杭州路街道147 Beijing M Rd 北京中路147号Wuika Plaza 汇嘉时代,87.54959822,43.87944929,0.559690
OVT_URC_000146,Overture Maps Places,2026-05-20.0,6bb02751-ecfb-4616-975b-7c88648e6315,航空酒店 Aviation Hotel,hotel,新疆维吾尔自治区,乌鲁木齐市,新市区,机场街道,,,Ürümqi,,新疆维吾尔自治区乌鲁木齐市新市区机场街道航空酒店 Aviation Hotel,87.48081207,43.89807510,0.558207
OVT_URC_000147,Overture Maps Places,2026-05-20.0,ee352376-81dd-4d75-bca0-37fc5624059e,新疆维吾尔自治区教育厅,public_and_government_association,新疆维吾尔自治区,乌鲁木齐市,天山区,团结路街道,胜利路173号,胜利路173号,,,新疆维吾尔自治区乌鲁木齐市天山区团结路街道胜利路173号新疆维吾尔自治区教育厅,87.61501700,43.77395200,0.556253
OVT_URC_000148,Overture Maps Places,2026-05-20.0,d3ec04d8-c618-4466-9384-5f20b1488cf3,小尕子,restaurant,新疆维吾尔自治区,乌鲁木齐市,沙依巴克区,友好南路街道,明园火焰山,明园火焰山,,,新疆维吾尔自治区乌鲁木齐市沙依巴克区友好南路街道明园火焰山小尕子,87.58787045,43.81625768,0.553437
OVT_URC_000149,Overture Maps Places,2026-05-20.0,f4754465-4f85-4c88-a254-b335bf0b25a1,红山宝塔,landmark_and_historical_building,新疆维吾尔自治区,乌鲁木齐市,水磨沟区,新民路街道,红山路2号,红山路2号,,,新疆维吾尔自治区乌鲁木齐市水磨沟区新民路街道红山路2号红山宝塔,87.60212660,43.80768130,0.552995
OVT_URC_000150,Overture Maps Places,2026-05-20.0,487be481-3813-4d23-b37b-68efeb68da1e,乌鲁木齐职业大学,education,新疆维吾尔自治区,乌鲁木齐市,天山区,幸福路街道,幸福路723号,幸福路723号,,,新疆维吾尔自治区乌鲁木齐市天山区幸福路街道幸福路723号乌鲁木齐职业大学,87.65107500,43.78404100,0.548834
OVT_URC_000151,Overture Maps Places,2026-05-20.0,248aee12-519c-495c-84f0-a55fa5ce2d34,伊犁大酒店,hotel,新疆维吾尔自治区,乌鲁木齐市,沙依巴克区,炉院街街道,,,Ürümqi,,新疆维吾尔自治区乌鲁木齐市沙依巴克区炉院街街道伊犁大酒店,87.58921905,43.78549342,0.544939
OVT_URC_000152,Overture Maps Places,2026-05-20.0,7eded60a-a646-4f1e-9de6-e5dd1c4f0ee3,胖老汉,chinese_restaurant,新疆维吾尔自治区,乌鲁木齐市,新市区,二工街道,人民路,人民路,,,新疆维吾尔自治区乌鲁木齐市新市区二工街道人民路胖老汉,87.56851012,43.87176772,0.542466
OVT_URC_000153,Overture Maps Places,2026-05-20.0,f4d02ae2-325d-4b8c-927a-fd3d47b3a86a,乌鲁木齐香江丽华酒店,hotel,新疆维吾尔自治区,乌鲁木齐市,沙依巴克区,友好南路街道,西北路955号,西北路955号,,,新疆维吾尔自治区乌鲁木齐市沙依巴克区友好南路街道西北路955号乌鲁木齐香江丽华酒店,87.58708740,43.81081700,0.538610
OVT_URC_000154,Overture Maps Places,2026-05-20.0,7ee2f9f4-5032-425d-9878-5bb56e5d4489,五一星光夜市,restaurant,新疆维吾尔自治区,乌鲁木齐市,沙依巴克区,长江路街道,长江路,长江路,,,新疆维吾尔自治区乌鲁木齐市沙依巴克区长江路街道五一星光夜市,87.59247508,43.78798933,0.537995
OVT_URC_000155,Overture Maps Places,2026-05-20.0,ccaaaf64-3ea0-4e71-a4d9-f18486796b03,Carrefour 家乐福,supermarket,新疆维吾尔自治区,乌鲁木齐市,天山区,二道桥街道,解放南路8号,解放南路8号,Ürümqi,,新疆维吾尔自治区乌鲁木齐市天山区二道桥街道解放南路8号Carrefour 家乐福,87.61416157,43.77867574,0.527505
OVT_URC_000156,Overture Maps Places,2026-05-20.0,772001c4-be8c-4195-9009-ee72538087aa,乌鲁木齐新疆师范大学音乐学院,college_university,新疆维吾尔自治区,乌鲁木齐市,沙依巴克区,友好北路街道,新医路102号,新医路102号,,,新疆维吾尔自治区乌鲁木齐市沙依巴克区友好北路街道新医路102号乌鲁木齐新疆师范大学音乐学院,87.59141600,43.83219600,0.511303
OVT_URC_000157,Overture Maps Places,2026-05-20.0,2dffd1e3-41a5-46d2-ba27-a8548e1fed97,新疆汇特商贸有限公司汇特北京西单商场,shopping_center,新疆维吾尔自治区,乌鲁木齐市,新市区,二工街道,河南西路1号,河南西路1号,,,新疆维吾尔自治区乌鲁木齐市新市区二工街道河南西路1号新疆汇特商贸有限公司汇特北京西单商场,87.55956649,43.87004409,0.500174
OVT_URC_000158,Overture Maps Places,2026-05-20.0,f91bebb6-30cb-4b84-a516-6fd36f8d87a3,乌鲁木齐市血液中心,hospital,新疆维吾尔自治区,乌鲁木齐市,沙依巴克区,友好北路街道,阿勒泰路,阿勒泰路,,,新疆维吾尔自治区乌鲁木齐市沙依巴克区友好北路街道阿勒泰路乌鲁木齐市血液中心,87.57585400,43.83041600,0.496364
OVT_URC_000159,Overture Maps Places,2026-05-20.0,036eefd4-f5d0-4447-af6a-d31953ab9266,新疆体育中心,soccer_field,新疆维吾尔自治区,乌鲁木齐市,新市区,天津北路社区,北京北路,北京北路,,,新疆维吾尔自治区乌鲁木齐市新市区天津北路社区北京北路新疆体育中心,87.55831000,43.87905700,0.493046
OVT_URC_000160,Overture Maps Places,2026-05-20.0,1e799969-addb-433e-8d14-05633990c378,醉美新疆特色大盘,asian_restaurant,新疆维吾尔自治区,乌鲁木齐市,天山区,新华北路街道,民主路219号,民主路219号,,,新疆维吾尔自治区乌鲁木齐市天山区新华北路街道民主路219号醉美新疆特色大盘,87.61425317,43.79595868,0.475064
OVT_URC_000161,Overture Maps Places,2026-05-20.0,f9c6af98-1115-40bf-b893-ca9edccbc331,古牧地镇委,public_and_government_association,新疆维吾尔自治区,乌鲁木齐市,米东区,古牧地镇,古牧地西路1229号,古牧地西路1229号,,,新疆维吾尔自治区乌鲁木齐市米东区古牧地镇古牧地西路1229号古牧地镇委,87.62988000,43.96337000,0.469645
OVT_URC_000162,Overture Maps Places,2026-05-20.0,00833003-51e4-419d-b10b-46cb80341f25,大光姚老三,chinese_restaurant,新疆维吾尔自治区,乌鲁木齐市,沙依巴克区,扬子江路街道,扬子江路49号,扬子江路49号,,,新疆维吾尔自治区乌鲁木齐市沙依巴克区扬子江路街道扬子江路49号大光姚老三,87.59607100,43.80152600,0.461893
OVT_URC_000163,Overture Maps Places,2026-05-20.0,c59acde3-79dd-44ca-b226-fd5928ce5bb4,渝乡辣婆婆,chinese_restaurant,新疆维吾尔自治区,乌鲁木齐市,天山区,青年路街道,红山路447号,红山路447号,,,新疆维吾尔自治区乌鲁木齐市天山区青年路街道红山路447号渝乡辣婆婆,87.63507155,43.81056522,0.459191
OVT_URC_000164,Overture Maps Places,2026-05-20.0,78214738-1f2f-44fc-a58b-003b8d61a614,儿童公园,park,新疆维吾尔自治区,乌鲁木齐市,沙依巴克区,友好北路街道,友好北路,友好北路,,,新疆维吾尔自治区乌鲁木齐市沙依巴克区友好北路街道儿童公园,87.57709977,43.83345282,0.413849
OVT_URC_000165,Overture Maps Places,2026-05-20.0,7f65e351-b2f6-43d8-958c-4a28f9835da8,竹林烧烤,barbecue_restaurant,新疆维吾尔自治区,乌鲁木齐市,沙依巴克区,和田街街道,乌苏路18号,乌苏路18号,,,新疆维吾尔自治区乌鲁木齐市沙依巴克区和田街街道乌苏路18号竹林烧烤,87.60128700,43.78523300,0.411580
OVT_URC_000166,Overture Maps Places,2026-05-20.0,b237bbae-5136-411a-be99-3b840f4aa242,瓦伦丁西餐酒吧,theme_restaurant,新疆维吾尔自治区,乌鲁木齐市,新市区,银川路街道,西八家户路768号天山建华院内博雅文轩小区,西八家户路768号天山建华院内博雅文轩小区,,,新疆维吾尔自治区乌鲁木齐市新市区银川路街道西八家户路768号天山建华院内博雅文轩小区瓦伦丁西餐酒吧,87.59348297,43.84634018,0.411080
OVT_URC_000167,Overture Maps Places,2026-05-20.0,eb48b4fb-fc75-460d-826e-4fc11b3b2979,米拉吉,restaurant,新疆维吾尔自治区,乌鲁木齐市,沙依巴克区,友好北路街道,克拉玛依东街北巷176号,克拉玛依东街北巷176号,,,新疆维吾尔自治区乌鲁木齐市沙依巴克区友好北路街道克拉玛依东街北巷176号米拉吉,87.59229292,43.82559997,0.386169
OVT_URC_000168,Overture Maps Places,2026-05-20.0,4e6d9b9e-64d4-4c10-8459-a94fc4a31e05,靓汤房子泰式海鲜火锅,professional_services,新疆维吾尔自治区,乌鲁木齐市,天山区,解放北路街道,中山路438号,中山路438号,,,新疆维吾尔自治区乌鲁木齐市天山区解放北路街道中山路438号靓汤房子泰式海鲜火锅,87.62004430,43.79305982,0.376776
OVT_URC_000169,Overture Maps Places,2026-05-20.0,f890dac4-ca65-4d18-a3c0-ec000bae189c,新疆第一盘,chinese_restaurant,新疆维吾尔自治区,乌鲁木齐市,天山区,幸福路街道,体育馆路555号,体育馆路555号,,,新疆维吾尔自治区乌鲁木齐市天山区幸福路街道体育馆路555号新疆第一盘,87.63841871,43.78435200,0.375759
OVT_URC_000170,Overture Maps Places,2026-05-20.0,e019be72-d094-4e20-a1c2-cf26388b6b0f,新疆医大附属中医医院大十字部,medical_center,新疆维吾尔自治区,乌鲁木齐市,天山区,解放北路街道,解放北路303号,解放北路303号,,,新疆维吾尔自治区乌鲁木齐市天山区解放北路街道解放北路303号新疆医大附属中医医院大十字部,87.62050800,43.79364700,0.368846
OVT_URC_000171,Overture Maps Places,2026-05-20.0,30a8766f-f58b-4718-8d3f-d82b21340cd1,新疆轻工职业技术学院,education,新疆维吾尔自治区,乌鲁木齐市,米东区,卡子湾街道,米东南路西四巷259号,米东南路西四巷259号,,,新疆维吾尔自治区乌鲁木齐市米东区卡子湾街道米东南路西四巷259号新疆轻工职业技术学院,87.63069200,43.92110600,0.364317
OVT_URC_000172,Overture Maps Places,2026-05-20.0,d464d433-78a5-44b0-90ee-d36ea2f00123,港逸餐厅,chinese_restaurant,新疆维吾尔自治区,乌鲁木齐市,天山区,青年路街道,光明路39号时代广场,光明路39号时代广场,,,新疆维吾尔自治区乌鲁木齐市天山区青年路街道光明路39号时代广场港逸餐厅,87.60587302,43.80292633,0.337184
OVT_URC_000173,Overture Maps Places,2026-05-20.0,d3ff5896-14d3-44ee-97e4-cd5e545a38a2,中国新疆旅游-2,,新疆维吾尔自治区,乌鲁木齐市,沙依巴克区,雅玛里克山街道,新疆乌鲁木齐,新疆乌鲁木齐,Ürümqi,,新疆维吾尔自治区乌鲁木齐市沙依巴克区雅玛里克山街道新疆乌鲁木齐中国新疆旅游-2,87.58330000,43.80000000,0.105711
